Id,UnlockDay,Text
# UnlockDay = 이 DAY 이상에서만 나옴. 1 = 처음부터. 스포일러(현장 내용)는 2 이상.
# Text에 쉼표가 있으면 큰따옴표로 감싸기. 이 # 줄은 게임에서 무시됩니다.
TIP_001,1,"Tab 키로 태블릿을 올리고 내릴 수 있다."
TIP_002,1,"Q 키를 누르면 태블릿의 근무수칙과 문자함 탭을 전환할 수 있다."
TIP_003,1,"F 키로 손전등을 켜고 끌 수 있다."
TIP_004,1,"근무수칙은 매일 바뀐다. 출근하면 수칙서부터 읽어 두자."
TIP_005,1,"경비실에 숨어 있는다고 안전한 것은 아니다."
TIP_006,1,"태블릿이 울리면 문자함을 확인하자. 업무 호출이 왔을 수 있다."
TIP_007,1,"어제 정상이던 것이 오늘도 정상이라는 보장은 없다."
TIP_009,1,"수칙은 끝까지 읽자. 마지막 한 줄이 가장 중요할 수 있다."
TIP_010,1,"무언가 이상하다면, 먼저 수칙을 떠올리자."
TIP_011,1,"들리는 것을 모두 믿지는 말자."
TIP_012,1,"손전등이 언제나 당신 편인 것은 아니다."
TIP_013,1,"확실하지 않다면 한 번 더 보고 보고하자."
LORE_001,2,도망갔다던 경비원의 퇴실 기록은 확인되지 않았다.
LORE_002,2,이전 경비원이 마지막으로 응답한 시각은 03:58이었다.
LORE_003,2,과학실에서 확인한 모형은 학교의 자산 목록에 없었다.
LORE_004,2,이전 근무자의 기록은 두 번째 관측에서 멈춰 있었다.
